﻿<?xml version="1.0" encoding="utf-8"?>
<component format="1" id="urlimageviewhelper">
  <name>UrlImageViewHelper Android</name>
  <publisher>Xamarin Inc</publisher>
  <publisher-url>http://xamarin.com/</publisher-url>
  <src-url>https://github.com/xamarin/XamarinComponents/tree/master/Android/UrlImageViewHelper</src-url>
  <version>1.0.4.2</version>
  <summary>Async Image Lazy Loading and Caching for Android</summary>
  <samples>
    <sample id="UrlImageViewHelperSample">
      <name>Android Sample</name>
      <summary>Android Sample</summary>
    </sample>
  </samples>
</component>